{
  "table_number": "4.9",
  "location": "Colombo",
  "case_label": "Small-commercial case",
  "inputs": {
    "pv_kwp": 30.0,
    "daily_energy_kwh": 50.0,
    "required_autonomy_days": 0.4,
    "budget_lkr": 8000000.0,
    "reservoir_type": "new_tank",
    "maximum_combined_volume_m3": 800.0,
    "evaporation_rate_mm_month": 50.0,
    "pipe_roughness_m": 0.00015
  },
  "ml_pareto_count": 74,
  "ml_optimization_runtime_s": 10.936550099984743,
  "profile_preparation_runtime_s": 0.07773749995976686,
  "physics_candidates_checked": 5,
  "total_case_physics_validation_runtime_s": 3.4014331998769194,
  "selection_method": "First physics-feasible design in ML compromise ranking",
  "selected_design": {
    "volume_m3": 425.2102598686066,
    "head_m": 43.056977610970065,
    "pipe_diameter_m": 0.15332201582921517,
    "pump_power_kw": 2.117377033419851,
    "turbine_power_kw": 2.0534520410997605,
    "ml_efficiency_percent": 75.23316192626953,
    "physics_efficiency_percent": 76.18470711590533,
    "efficiency_absolute_error_pp": 0.9515451896357945,
    "ml_autonomy_days": 0.425508588552475,
    "physics_autonomy_days": 0.40410925953691795,
    "autonomy_absolute_error_days": 0.021399329015557023,
    "estimated_cost_lkr": 4275081.109137983,
    "physics_cost_lkr": 4275081.109137983,
    "physics_load_served_ratio": 0.7115802124560061,
    "physics_valid": true,
    "autonomy_requirement_met": true,
    "budget_requirement_met": true,
    "physics_feasible": true,
    "water_balance_residual_m3": -1.8474111129762605e-12,
    "single_physics_simulation_runtime_s": 0.6974718000274152,
    "front_index": 15
  }
}