design_label,front_index,volume_m3,head_m,pipe_diameter_m,pump_power_kw,turbine_power_kw,ml_efficiency_percent,physics_efficiency_percent,efficiency_absolute_error_pp,ml_autonomy_days,physics_autonomy_days,autonomy_absolute_error_days,estimated_cost_lkr,physics_load_served_ratio,physics_valid,autonomy_requirement_met,physics_feasible,water_balance_residual_m3,single_physics_simulation_runtime_s
ML compromise,29,249.9335884359978,40.37568955051179,0.1361263568827275,2.0981903330374303,2.0398996293821754,75.84590148925781,76.12079536629312,0.27489387703531065,0.5001482367515564,0.556847291048255,0.05669905429669864,2793250.6262000836,0.8967340142475093,True,True,True,-3.439026841078885e-12,0.7533914000960067
Low-cost Pareto design,0,249.98240859658358,41.69717616930262,0.08651910872822383,2.0476722917007337,2.038385310223058,71.26167297363281,73.58090235937121,2.319229385738396,0.5252110362052917,0.5751850995224577,0.04997406331716592,2594926.234737963,0.9029253247518279,True,True,True,0.0,0.7786151999607682
Middle Pareto design,32,250.18655583043244,40.44389779028882,0.13941529662030877,2.045892561413,2.03689363780001,75.96688079833984,76.16619521654829,0.19931441820844498,0.5001482367515564,0.5583525537460894,0.05820431699453299,2810434.140432268,0.8976414821200012,True,True,True,-1.5774048733874224e-12,0.6976980000035837
High-efficiency Pareto design,65,250.20165065552547,40.478518929643876,0.2776082656324348,2.0983040563342814,2.0072576023055313,76.47122955322266,76.44153294596282,0.029696607259836583,0.5015823245048523,0.5588642362215579,0.0572819117167056,3592346.26024739,0.8985495545599052,True,True,True,3.595346242946107e-12,0.6674843000946566
