{
  "table_number": "4.10",
  "location": "Jaffna",
  "case_label": "Community/island proxy case",
  "inputs": {
    "pv_kwp": 25.0,
    "daily_energy_kwh": 30.0,
    "required_autonomy_days": 0.75,
    "budget_lkr": 8000000.0,
    "reservoir_type": "new_tank",
    "maximum_combined_volume_m3": 800.0,
    "evaporation_rate_mm_month": 50.0,
    "pipe_roughness_m": 0.00015
  },
  "ml_pareto_count": 67,
  "ml_optimization_runtime_s": 10.082153799943626,
  "profile_preparation_runtime_s": 0.08993929997086525,
  "physics_candidates_checked": 1,
  "total_case_physics_validation_runtime_s": 1.0075747000519186,
  "selection_method": "First physics-feasible design in ML compromise ranking",
  "selected_design": {
    "volume_m3": 469.1230531861078,
    "head_m": 44.33304770202118,
    "pipe_diameter_m": 0.1604647374370621,
    "pump_power_kw": 2.1186881211520787,
    "turbine_power_kw": 2.013653350498924,
    "ml_efficiency_percent": 75.89151763916016,
    "physics_efficiency_percent": 76.26930451030456,
    "efficiency_absolute_error_pp": 0.37778687114440856,
    "ml_autonomy_days": 0.7577411532402039,
    "physics_autonomy_days": 0.7650937220929577,
    "autonomy_absolute_error_days": 0.007352568852753816,
    "estimated_cost_lkr": 4671007.101255495,
    "physics_cost_lkr": 4671007.101255495,
    "physics_load_served_ratio": 0.9496415275295594,
    "physics_valid": true,
    "autonomy_requirement_met": true,
    "budget_requirement_met": true,
    "physics_feasible": true,
    "water_balance_residual_m3": -2.9274360713316128e-12,
    "single_physics_simulation_runtime_s": 0.9176354000810534,
    "front_index": 8
  }
}