held_out_location,training_locations,training_rows,test_rows,efficiency_group_cv_r2,efficiency_r2,efficiency_mae,efficiency_rmse,autonomy_group_cv_r2,autonomy_r2,autonomy_mae,autonomy_rmse
Colombo,Jaffna + Vavuniya,2000,1000,0.9605371119019002,0.9753587682225078,0.5764224474032583,1.5365322405160124,0.9827558605844066,0.9893114121365059,0.016014153388506522,0.03135089091100038
Jaffna,Colombo + Vavuniya,2000,1000,0.9615362790597715,0.9774036998581329,0.5439346265603323,1.4313184203214464,0.975262485000016,0.9911264592745689,0.013311288244927603,0.03021308241833612
Vavuniya,Colombo + Jaffna,2000,1000,0.964486529668132,0.9708240393834777,0.6687367614740632,1.782732258582132,0.982873781626751,0.9853016721082724,0.017288439968170182,0.04182916921883114
MACRO_MEAN,,2000,1000,0.9621866402099345,0.9745288358213728,0.5963646118125513,1.5835276398065303,0.9802973757370578,0.9885798478397824,0.0155379605338681,0.034464380849389215
MACRO_STD,,,,0.002053461076399537,0.0033674283709197424,0.0647468969198658,0.18035893960692165,0.004360741897145399,0.0029805076955685917,0.002030887412814745,0.006403415716357563
POOLED,,,3000,,0.9743185700181745,0.5963646118125513,1.5903603420070127,,0.9883868097332195,0.015537960533868102,0.034858705788120455
